,mutant_ID,mutated_genes,plate,i (converted to letter),j,source_df
0,LMJ.RY0402.052879,Cre16.g675350,20,C,15,light_specific_y2
1,LMJ.RY0402.046388,Cre11.g476050,23,G,8,light_specific_y2
2,LMJ.RY0402.219441,Cre12.g524750,22,L,6,light_specific_y2
3,LMJ.RY0402.135927,Cre12.g538550,21,G,4,light_specific_y2
4,LMJ.RY0402.243547,Cre16.g647850,23,J,5,light_specific_y2
5,LMJ.RY0402.205841,Cre17.g728250,23,L,16,light_specific_y2
6,LMJ.RY0402.061417,Cre07.g352950,20,F,10,light_specific_y2
7,LMJ.RY0402.065123,Cre03.g182850,16,B,24,light_specific_y2
8,LMJ.RY0402.050166,Cre10.g453900,20,B,6,light_specific_y2
9,LMJ.RY0402.047723,Cre03.g183200,1,C,1,light_specific_y2
10,LMJ.RY0402.118176,Cre08.g384150,5,G,15,light_specific_y2
11,LMJ.RY0402.167871,Cre02.g112250,9,C,9,light_specific_y2
12,LMJ.RY0402.154368,Cre05.g245351,21,K,23,light_specific_y2
13,LMJ.RY0402.092899,Cre10.g453900,20,L,6,light_specific_y2
14,LMJ.RY0402.133434,Cre07.g344600,6,I,3,light_specific_y2
15,LMJ.RY0402.255048,Cre16.g658900,23,D,4,light_specific_y2
16,LMJ.RY0402.240022,Cre08.g374450,22,P,24,light_specific_y2
17,LMJ.RY0402.138453,Cre10.g443150,17,E,19,light_specific_y2
18,LMJ.RY0402.164134,Cre02.g095135,8,A,4,light_specific_y2
19,LMJ.RY0402.139417,Cre04.g224700,6,P,3,light_specific_y2
20,LMJ.RY0402.136684,Cre10.g453900,21,G,2,light_specific_y2
21,LMJ.RY0402.103724,Cre14.g627251,4,H,23,light_specific_y2
23,LMJ.RY0402.105719,Cre07.g326800,4,I,22,light_specific_y2
25,LMJ.RY0402.243179,Cre13.g590600,14,I,14,light_specific_y2
26,LMJ.RY0402.231794,Cre16.g675350,22,O,12,light_specific_y2
27,LMJ.RY0402.104915,Cre17.g708800,23,N,1,light_specific_y2
29,LMJ.RY0402.178182,Cre09.g389912,22,B,13,light_specific_y2
30,LMJ.RY0402.056638,Cre05.g245351,20,D,20,light_specific_y2
31,LMJ.RY0402.088280,Cre13.g603700,20,K,3,light_specific_y2
32,LMJ.RY0402.041908,Cre02.g076987,15,J,12,light_specific_y2
34,LMJ.RY0402.124497,Cre01.g030700,5,N,5,light_specific_y2
35,LMJ.RY0402.184019,Cre09.g394251,10,F,5,light_specific_y2
36,LMJ.RY0402.145779,Cre11.g467675,7,I,7,light_specific_y2
37,LMJ.RY0402.238780,Cre10.g443150,17,L,6,light_specific_y2
38,LMJ.RY0402.213687,Cre04.g222550,12,G,10,light_specific_y2
40,LMJ.RY0402.093676,Cre14.g611517,3,N,24,light_specific_y2
41,LMJ.RY0402.107519,Cre02.g112150,4,L,2,light_specific_y2
43,LMJ.RY0402.168774,Cre04.g224700,18,H,7,light_specific_y2
44,LMJ.RY0402.189822,Cre12.g503500,10,L,10,light_specific_y2
46,LMJ.RY0402.191784,Cre10.g451752,10,M,16,light_specific_y2
47,LMJ.RY0402.090562,Cre08.g384150,3,L,2,light_specific_y2
49,LMJ.RY0402.199106,Cre01.g030700,11,E,2,light_specific_y2
50,LMJ.RY0402.256203,Cre07.g326800,15,E,10,light_specific_y2
51,LMJ.RY0402.255196,Cre02.g095135,15,D,2,light_specific_y2
52,LMJ.RY0402.244234,Cre14.g611517,16,N,20,light_specific_y2
53,LMJ.RY0402.205790,Cre02.g108500,11,N,7,light_specific_y2
56,LMJ.RY0402.134895,Cre06.g292000,21,F,17,light_specific_y2
58,LMJ.RY0402.062549,Cre09.g394251,2,A,6,light_specific_y2
59,LMJ.RY0402.076735,Cre12.g560700,2,H,13,light_specific_y2
60,LMJ.RY0402.063452,Cre11.g476050,20,G,9,light_specific_y2
62,LMJ.RY0402.071432,Cre16.g658900,20,H,8,light_specific_y2
65,LMJ.RY0402.089572,Cre16.g677200,20,K,16,light_specific_y2
66,LMJ.RY0402.134078,Cre14.g627251,6,K,6,light_specific_y2
68,LMJ.RY0402.045291,Cre10.g451450,15,P,7,light_specific_y2
71,LMJ.RY0402.191833,Cre16.g692116,22,E,14,light_specific_y2
72,LMJ.RY0402.101554,Cre08.g374450,23,G,24,light_specific_y2
73,LMJ.RY0402.084656,Cre01.g010864,3,F,9,light_specific_y2
74,LMJ.RY0402.042643,Cre16.g692116,23,F,12,light_specific_y2
75,LMJ.RY0402.103172,Cre12.g538200,4,H,19,light_specific_y2
76,LMJ.RY0402.190032,Cre08.g384150,10,L,3,light_specific_y2
80,LMJ.RY0402.171618,Cre17.g728250,22,A,9,light_specific_y2
81,LMJ.RY0402.094443,Cre10.g441850,3,N,23,light_specific_y2
82,LMJ.RY0402.051591,Cre01.g001800,23,M,1,light_specific_y2
86,LMJ.RY0402.105169,Cre16.g668250,4,J,13,light_specific_y2
87,LMJ.RY0402.223397,Cre10.g432600,22,M,7,light_specific_y2
89,LMJ.RY0402.054614,Cre17.g728250,20,D,7,light_specific_y2
90,LMJ.RY0402.114642,Cre07.g326800,5,C,14,light_specific_y2
92,LMJ.RY0402.146348,Cre16.g668250,7,J,6,light_specific_y2
95,LMJ.RY0402.174956,Cre10.g451450,18,H,24,light_specific_y2
96,LMJ.RY0402.225534,Cre01.g017200,13,D,23,light_specific_y2
97,LMJ.RY0402.122561,Cre01.g038900,5,L,7,light_specific_y2
101,LMJ.RY0402.078370,Cre02.g108500,16,D,4,light_specific_y2
102,LMJ.RY0402.100635,Cre10.g441850,4,E,11,light_specific_y2
103,LMJ.RY0402.152406,Cre12.g515400,8,B,10,light_specific_y2
104,LMJ.RY0402.061371,Cre01.g017200,20,F,5,light_specific_y2
105,LMJ.RY0402.189784,Cre01.g001800,23,P,9,light_specific_y2
107,LMJ.RY0402.146796,Cre09.g395769,17,F,8,light_specific_y2
111,LMJ.RY0402.084535,Cre08.g384150,3,F,20,light_specific_y2
112,LMJ.RY0402.099716,Cre12.g560700,4,C,19,light_specific_y2
113,LMJ.RY0402.183000,Cre03.g183200,22,C,15,light_specific_y2
116,LMJ.RY0402.248478,Cre12.g552600,16,P,1,light_specific_y2
117,LMJ.RY0402.197643,Cre10.g434650,11,D,3,light_specific_y2
118,LMJ.RY0402.148875,Cre12.g503500,7,L,17,light_specific_y2
122,LMJ.RY0402.125834,Cre04.g224700,5,P,3,light_specific_y2
123,LMJ.RY0402.132204,Cre11.g467675,6,H,3,light_specific_y2
126,LMJ.RY0402.047650,Cre10.g434650,1,B,8,light_specific_y2
128,LMJ.RY0402.153083,Cre06.g257600,21,K,10,light_specific_y2
129,LMJ.RY0402.126256,Cre07.g326800,5,P,9,light_specific_y2
131,LMJ.RY0402.068880,Cre01.g040250,2,B,15,light_specific_y2
132,LMJ.RY0402.087018,Cre13.g603700,20,J,20,light_specific_y2
138,LMJ.RY0402.102600,Cre17.g716400,4,G,14,light_specific_y2
140,LMJ.RY0402.220921,Cre11.g476050,22,L,16,light_specific_y2
143,LMJ.RY0402.157094,Cre10.g434650,8,G,10,light_specific_y2
145,LMJ.RY0402.050380,Cre03.g182850,1,E,24,light_specific_y2
146,LMJ.RY0402.185187,Cre03.g176961,18,J,8,light_specific_y2
151,LMJ.RY0402.076292,Cre16.g675350,20,H,23,light_specific_y2
152,LMJ.RY0402.062350,Cre10.g437300,2,P,24,light_specific_y2
153,LMJ.RY0402.144694,Cre09.g395769,7,H,1,light_specific_y2
154,LMJ.RY0402.218083,Cre11.g467675,18,N,7,light_specific_y2
158,LMJ.RY0402.045852,Cre01.g038900,15,P,24,light_specific_y2
159,LMJ.RY0402.232506,Cre07.g330200,22,O,8,light_specific_y2
161,LMJ.RY0402.065234,Cre08.g379800,2,B,3,light_specific_y2
162,LMJ.RY0402.046521,Cre09.g390319,16,A,20,light_specific_y2
167,LMJ.RY0402.077556,Cre09.g391753,2,D,1,light_specific_y2
169,LMJ.RY0402.122986,Cre02.g112150,5,L,9,light_specific_y2
170,LMJ.RY0402.208447,Cre07.g344600,12,A,16,light_specific_y2
171,LMJ.RY0402.060051,Cre01.g015200,2,E,3,light_specific_y2
173,LMJ.RY0402.065715,Cre01.g040250,2,G,2,light_specific_y2
179,LMJ.RY0402.142306,Cre10.g441850,17,E,18,light_specific_y2
182,LMJ.RY0402.131969,Cre06.g257600,21,E,4,light_specific_y2
185,LMJ.RY0402.052996,Cre12.g554100,1,I,22,light_specific_y2
189,LMJ.RY0402.103519,Cre16.g654600,4,H,24,light_specific_y2
190,LMJ.RY0402.113349,Cre03.g192450,5,A,16,light_specific_y2
192,LMJ.RY0402.162534,Cre08.g379800,8,L,7,light_specific_y2
195,LMJ.RY0402.127804,Cre13.g603700,21,D,3,light_specific_y2
197,LMJ.RY0402.147392,Cre11.g476050,21,J,4,light_specific_y2
198,LMJ.RY0402.042810,Cre16.g647850,23,F,7,light_specific_y2
200,LMJ.RY0402.071130,Cre16.g654600,2,K,3,light_specific_y2
201,LMJ.RY0402.043936,Cre12.g524750,17,M,9,light_specific_y2
203,LMJ.RY0402.069599,Cre09.g391753,2,C,21,light_specific_y2
204,LMJ.RY0402.081749,Cre16.g675350,20,J,4,light_specific_y2
205,LMJ.RY0402.197381,Cre12.g538550,23,I,5,light_specific_y2
209,LMJ.RY0402.213415,Cre01.g030700,12,G,3,light_specific_y2
210,LMJ.RY0402.088745,Cre10.g451752,3,J,21,light_specific_y2
212,LMJ.RY0402.049779,Cre09.g390319,1,D,14,light_specific_y2
215,LMJ.RY0402.254840,Cre08.g374450,23,D,2,light_specific_y2
218,LMJ.RY0402.181659,Cre07.g352950,23,O,23,light_specific_y2
220,LMJ.RY0402.150142,Cre08.g379800,7,O,3,light_specific_y2
225,LMJ.RY0402.086008,Cre10.g451450,3,H,20,light_specific_y2
226,LMJ.RY0402.156800,Cre07.g352950,21,L,13,light_specific_y2
240,LMJ.RY0402.051134,Cre01.g017200,20,A,24,light_specific_y2
241,LMJ.RY0402.127081,Cre14.g627251,6,B,4,light_specific_y2
242,LMJ.RY0402.214500,Cre04.g222550,12,H,20,light_specific_y2
243,LMJ.RY0402.051183,Cre03.g192450,20,B,2,light_specific_y2
244,LMJ.RY0402.152164,Cre08.g361000,21,K,4,light_specific_y2
247,LMJ.RY0402.239333,Cre01.g040250,14,E,5,light_specific_y2
254,LMJ.RY0402.128003,Cre16.g658900,21,D,6,light_specific_y2
256,LMJ.RY0402.124501,Cre01.g010864,17,D,13,light_specific_y2
257,LMJ.RY0402.197922,Cre12.g554100,11,D,10,light_specific_y2
258,LMJ.RY0402.178858,Cre10.g432600,23,L,7,light_specific_y2
265,LMJ.RY0402.164388,Cre12.g550800,21,O,13,light_specific_y2
271,LMJ.RY0402.201157,Cre09.g407150,11,H,12,light_specific_y2
272,LMJ.RY0402.191252,Cre07.g330200,22,E,10,light_specific_y2
279,LMJ.RY0402.196479,Cre12.g558250,23,L,12,light_specific_y2
282,LMJ.RY0402.038618,Cre17.g708800,23,D,24,light_specific_y2
285,LMJ.RY0402.152636,Cre12.g550800,21,K,15,light_specific_y2
287,LMJ.RY0402.147177,Cre06.g260550,7,J,18,light_specific_y2
288,LMJ.RY0402.192456,Cre09.g394251,22,E,15,light_specific_y2
293,LMJ.RY0402.146720,Cre01.g025400,21,I,23,light_specific_y2
296,LMJ.RY0402.223305,Cre16.g677200,22,M,11,light_specific_y2
301,LMJ.RY0402.153760,Cre12.g552600,8,C,19,light_specific_y2
302,LMJ.RY0402.200606,Cre17.g709900,11,I,1,light_specific_y2
304,LMJ.RY0402.251306,Cre11.g467675,14,P,13,light_specific_y2
307,LMJ.RY0402.192713,Cre02.g076987,18,J,22,light_specific_y2
314,LMJ.RY0402.144802,Cre09.g389912,21,I,12,light_specific_y2
318,LMJ.RY0402.233303,Cre16.g654600,1,D,11,light_specific_y2
320,LMJ.RY0402.098281,Cre16.g677200,20,M,3,light_specific_y2
336,LMJ.RY0402.078118,Cre09.g387400,20,I,1,light_specific_y2
339,LMJ.RY0402.054432,Cre13.g590600,1,K,17,light_specific_y2
340,LMJ.RY0402.245593,Cre04.g216050,16,O,9,light_specific_y2
346,LMJ.RY0402.215484,Cre12.g515400,12,J,16,light_specific_y2
353,LMJ.RY0402.206914,Cre16.g658900,22,I,11,light_specific_y2
356,LMJ.RY0402.104055,Cre08.g358568,16,E,23,light_specific_y2
357,LMJ.RY0402.139082,Cre12.g558250,21,G,19,light_specific_y2
365,LMJ.RY0402.151780,Cre09.g389912,21,K,6,light_specific_y2
367,LMJ.RY0402.137912,Cre03.g176961,6,O,9,light_specific_y2
370,LMJ.RY0402.107303,Cre08.g378800,4,L,15,light_specific_y2
377,LMJ.RY0402.236577,Cre08.g378800,14,A,16,light_specific_y2
390,LMJ.RY0402.104493,Cre17.g716400,4,J,15,light_specific_y2
394,LMJ.RY0402.105853,Cre08.g382620,23,H,5,light_specific_y2
398,LMJ.RY0402.101134,Cre09.g392500,16,E,6,light_specific_y2
404,LMJ.RY0402.105868,Cre13.g590600,4,K,16,light_specific_y2
407,LMJ.RY0402.103661,Cre09.g407150,4,H,15,light_specific_y2
418,LMJ.RY0402.102320,Cre06.g260550,4,F,19,light_specific_y2
428,LMJ.RY0402.243177,Cre17.g709900,16,N,24,light_specific_y2
429,LMJ.RY0402.076841,Cre04.g216050,2,P,10,light_specific_y2
436,LMJ.RY0402.059521,Cre01.g025400,20,E,11,light_specific_y2
439,LMJ.RY0402.092535,Cre02.g112200,3,M,15,light_specific_y2
445,LMJ.RY0402.099256,Cre01.g040250,4,B,10,light_specific_y2
461,LMJ.RY0402.172774,Cre16.g675350,22,A,19,light_specific_y2
467,LMJ.RY0402.220528,Cre01.g000100,12,O,19,light_specific_y2
470,LMJ.RY0402.068502,Cre17.g709900,2,N,4,light_specific_y2
479,LMJ.RY0402.140678,Cre17.g728250,21,H,6,light_specific_y2
485,LMJ.RY0402.122247,Cre02.g112250,5,L,10,light_specific_y2
487,LMJ.RY0402.137230,Cre01.g000100,6,N,18,light_specific_y2
502,LMJ.RY0402.164384,Cre09.g392500,8,O,12,light_specific_y2
510,LMJ.RY0402.056185,Cre16.g675350,20,E,1,light_specific_y2
512,LMJ.RY0402.211654,Cre07.g330200,22,J,13,light_specific_y2
513,LMJ.RY0402.095074,Cre01.g015200,3,O,6,light_specific_y2
519,LMJ.RY0402.125089,Cre02.g095135,5,N,19,light_specific_y2
528,LMJ.RY0402.087316,Cre07.g334950,3,I,16,light_specific_y2
535,LMJ.RY0402.064780,Cre03.g192450,20,G,16,light_specific_y2
545,LMJ.RY0402.190235,Cre01.g040250,10,K,19,light_specific_y2
547,LMJ.RY0402.168991,Cre01.g025400,21,P,10,light_specific_y2
554,LMJ.RY0402.231464,Cre10.g437300,13,L,14,light_specific_y2
558,LMJ.RY0402.189962,Cre13.g592100,10,L,14,light_specific_y2
576,LMJ.RY0402.061906,Cre08.g384150,2,A,23,light_specific_y2
581,LMJ.RY0402.193315,Cre01.g025400,22,F,1,light_specific_y2
588,LMJ.RY0402.244321,Cre07.g334950,14,J,13,light_specific_y2
591,LMJ.RY0402.150742,Cre10.g441850,16,H,2,light_specific_y2
595,LMJ.RY0402.147971,Cre13.g590600,18,F,8,light_specific_y2
598,LMJ.RY0402.142102,Cre14.g627251,7,C,24,light_specific_y2
603,LMJ.RY0402.144254,Cre03.g192450,23,H,10,light_specific_y2
607,LMJ.RY0402.236960,Cre11.g467675,1,B,22,light_specific_y2
610,LMJ.RY0402.090264,Cre11.g467675,3,L,7,light_specific_y2
624,LMJ.RY0402.061511,Cre12.g538200,2,G,10,light_specific_y2
630,LMJ.RY0402.081651,Cre12.g538200,3,E,1,light_specific_y2
642,LMJ.RY0402.163529,Cre01.g025400,21,N,21,light_specific_y2
648,LMJ.RY0402.254388,Cre10.g441850,16,O,20,light_specific_y2
654,LMJ.RY0402.200421,Cre08.g378800,11,G,1,light_specific_y2
661,LMJ.RY0402.257186,Cre01.g045150,15,F,8,light_specific_y2
668,LMJ.RY0402.088269,Cre10.g443150,17,B,20,light_specific_y2
672,LMJ.RY0402.044293,Cre09.g387400,23,F,15,light_specific_y2
675,LMJ.RY0402.068402,Cre10.g437300,2,B,4,light_specific_y2
678,LMJ.RY0402.182270,Cre09.g387400,22,C,16,light_specific_y2
679,LMJ.RY0402.080910,Cre13.g589400,3,D,6,light_specific_y2
690,LMJ.RY0402.182280,Cre17.g728250,22,C,19,light_specific_y2
699,LMJ.RY0402.173188,Cre07.g344600,9,I,6,light_specific_y2
704,LMJ.RY0402.046494,Cre12.g538200,16,B,7,light_specific_y2
707,LMJ.RY0402.202804,Cre13.g589400,11,J,10,light_specific_y2
712,LMJ.RY0402.229239,Cre08.g379800,13,I,11,light_specific_y2
717,LMJ.RY0402.185724,Cre16.g654600,10,G,24,light_specific_y2
721,LMJ.RY0402.138126,Cre09.g395769,6,N,21,light_specific_y2
727,LMJ.RY0402.058045,Cre10.g437300,1,P,18,light_specific_y2
728,LMJ.RY0402.065169,Cre08.g361000,20,G,19,light_specific_y2
729,LMJ.RY0402.232128,Cre12.g503500,13,L,20,light_specific_y2
733,LMJ.RY0402.129525,Cre01.g010864,6,C,14,light_specific_y2
735,LMJ.RY0402.106352,Cre08.g382620,20,A,4,light_specific_y2
741,LMJ.RY0402.190396,Cre09.g395769,16,J,9,light_specific_y2
747,LMJ.RY0402.239090,Cre13.g592100,14,D,19,light_specific_y2
751,LMJ.RY0402.068157,Cre02.g112200,2,J,15,light_specific_y2
756,LMJ.RY0402.144998,Cre08.g382620,23,K,17,light_specific_y2
759,LMJ.RY0402.256921,Cre08.g361000,15,F,22,light_specific_y2
760,LMJ.RY0402.173779,Cre07.g334950,9,I,4,light_specific_y2
761,LMJ.RY0402.097158,Cre08.g358568,3,P,15,light_specific_y2
768,LMJ.RY0402.159699,Cre02.g112200,8,I,8,light_specific_y2
772,LMJ.RY0402.173972,Cre01.g045150,9,H,18,light_specific_y2
773,LMJ.RY0402.164985,Cre10.g451752,18,G,24,light_specific_y2
774,LMJ.RY0402.079206,Cre11.g476050,20,I,9,light_specific_y2
775,LMJ.RY0402.207006,Cre09.g394251,11,P,3,light_specific_y2
777,LMJ.RY0402.226620,Cre07.g334950,13,E,24,light_specific_y2
778,LMJ.RY0402.182223,Cre10.g437300,10,C,1,light_specific_y2
779,LMJ.RY0402.122830,Cre08.g358568,5,L,18,light_specific_y2
780,LMJ.RY0402.222040,Cre12.g554100,13,B,8,light_specific_y2
782,LMJ.RY0402.057337,Cre08.g361000,20,D,21,light_specific_y2
786,LMJ.RY0402.193684,Cre09.g387400,22,F,5,light_specific_y2
788,LMJ.RY0402.251798,Cre12.g524750,15,B,7,light_specific_y2
789,LMJ.RY0402.257023,Cre13.g589400,15,G,5,light_specific_y2
792,LMJ.RY0402.051628,Cre13.g589400,1,H,13,light_specific_y2
795,LMJ.RY0402.157726,Cre01.g015200,18,F,15,light_specific_y2
798,LMJ.RY0402.214528,Cre04.g222550,12,H,19,light_specific_y2
799,LMJ.RY0402.056549,Cre06.g260550,1,N,10,light_specific_y2
800,LMJ.RY0402.110710,Cre03.g171650,4,O,4,mutants_end_down_y2
801,LMJ.RY0402.168539,Cre16.g693600,17,H,9,mutants_end_down_y2
802,LMJ.RY0402.167061,Cre01.g019850,9,A,17,mutants_end_down_y2
803,LMJ.RY0402.051400,Cre04.g215800,1,F,3,mutants_end_down_y2
804,LMJ.RY0402.197790,Cre09.g388050,11,C,23,mutants_end_down_y2
805,LMJ.RY0402.213748,Cre06.g274400,12,G,14,mutants_end_down_y2
806,LMJ.RY0402.206387,Cre11.g467741,18,L,18,mutants_end_down_y2
807,LMJ.RY0402.216974,Cre16.g661200,12,L,9,mutants_end_down_y2
808,LMJ.RY0402.049720,Cre03.g197750,1,D,7,mutants_end_down_y2
809,LMJ.RY0402.100321,Cre09.g395000,4,E,5,mutants_end_down_y2
810,LMJ.RY0402.131577,Cre06.g268850,6,F,9,mutants_end_down_y2
811,LMJ.RY0402.217686,Cre01.g019850,12,L,14,mutants_end_down_y2
812,LMJ.RY0402.172592,Cre09.g388986,9,G,16,mutants_end_down_y2
813,LMJ.RY0402.144159,Cre16.g688638,18,F,13,mutants_end_down_y2
815,LMJ.RY0402.119877,Cre09.g393000,5,J,6,mutants_end_down_y2
816,LMJ.RY0402.174133,Cre09.g411600,9,J,22,mutants_end_down_y2
817,LMJ.RY0402.197156,Cre06.g278235,16,J,3,mutants_end_down_y2
818,LMJ.RY0402.184843,Cre08.g367250,10,G,14,mutants_end_down_y2
819,LMJ.RY0402.174790,Cre03.g205650,9,J,13,mutants_end_down_y2
821,LMJ.RY0402.059212,Cre09.g397216,16,C,10,mutants_end_down_y2
822,LMJ.RY0402.058246,Cre09.g392650,1,P,13,mutants_end_down_y2
823,LMJ.RY0402.224902,Cre17.g732533,13,E,5,mutants_end_down_y2
824,LMJ.RY0402.244771,Cre11.g478128,16,N,15,mutants_end_down_y2
825,LMJ.RY0402.054897,Cre02.g095115,1,L,11,mutants_end_down_y2
826,LMJ.RY0402.213834,Cre02.g146300,12,G,7,mutants_end_down_y2
829,LMJ.RY0402.139191,Cre10.g427550,6,P,14,mutants_end_down_y2
830,LMJ.RY0402.180777,Cre07.g321700,10,A,10,mutants_end_down_y2
831,LMJ.RY0402.222419,Cre02.g146300,16,K,3,mutants_end_down_y2
832,LMJ.RY0402.119566,Cre12.g506600,5,I,18,mutants_end_down_y2
833,LMJ.RY0402.167932,Cre07.g322350,9,C,23,mutants_end_down_y2
834,LMJ.RY0402.047311,Cre01.g049900,1,B,4,mutants_end_down_y2
836,LMJ.RY0402.222963,Cre16.g686200,13,B,11,mutants_end_down_y2
838,LMJ.RY0402.121229,Cre06.g308650,5,K,15,mutants_end_down_y2
839,LMJ.RY0402.232852,Cre03.g144484,13,M,19,mutants_end_down_y2
841,LMJ.RY0402.041124,Cre03.g200500,15,J,19,mutants_end_down_y2
842,LMJ.RY0402.184967,Cre11.g467741,10,G,16,mutants_end_down_y2
843,LMJ.RY0402.228465,Cre09.g398200,18,O,24,mutants_end_down_y2
844,LMJ.RY0402.077214,Cre07.g329300,2,C,22,mutants_end_down_y2
845,LMJ.RY0402.137997,Cre03.g174200,6,N,9,mutants_end_down_y2
846,LMJ.RY0402.186689,Cre06.g268850,10,H,12,mutants_end_down_y2
848,LMJ.RY0402.076747,Cre12.g505100,2,C,5,mutants_end_down_y2
849,LMJ.RY0402.110865,Cre01.g039550,20,O,9,mutants_end_down_y2
850,LMJ.RY0402.117408,Cre09.g412600,5,F,11,mutants_end_down_y2
851,LMJ.RY0402.083670,Cre03.g149250,3,E,10,mutants_end_down_y2
852,LMJ.RY0402.120439,Cre04.g220825,16,E,20,mutants_end_down_y2
854,LMJ.RY0402.113587,Cre09.g392650,5,A,24,mutants_end_down_y2
855,LMJ.RY0402.054909,Cre13.g585250,1,M,12,mutants_end_down_y2
856,LMJ.RY0402.226832,Cre08.g385650,13,F,2,mutants_end_down_y2
857,LMJ.RY0402.075178,Cre16.g691756,2,E,8,mutants_end_down_y2
859,LMJ.RY0402.211200,Cre10.g447350,12,D,20,mutants_end_down_y2
861,LMJ.RY0402.169371,Cre17.g699550,9,E,13,mutants_end_down_y2
862,LMJ.RY0402.087637,Cre11.g467756,3,I,23,mutants_end_down_y2
864,LMJ.RY0402.141252,Cre16.g688638,7,D,4,mutants_end_down_y2
865,LMJ.RY0402.216482,Cre02.g146300,12,K,11,mutants_end_down_y2
866,LMJ.RY0402.256887,Cre02.g087450,15,F,9,mutants_end_down_y2
868,LMJ.RY0402.257268,Cre03.g191350,15,F,13,mutants_end_down_y2
869,LMJ.RY0402.191617,Cre09.g401960,10,M,13,mutants_end_down_y2
870,LMJ.RY0402.185546,Cre01.g045450,10,G,4,mutants_end_down_y2
871,LMJ.RY0402.082380,Cre03.g144484,3,D,11,mutants_end_down_y2
872,LMJ.RY0402.210576,Cre11.g467756,12,D,22,mutants_end_down_y2
873,LMJ.RY0402.158783,Cre15.g640750,8,H,23,mutants_end_down_y2
874,LMJ.RY0402.144460,Cre16.g678050,7,G,5,mutants_end_down_y2
875,LMJ.RY0402.059455,Cre24.g755447,20,E,22,mutants_end_down_y2
876,LMJ.RY0402.230437,Cre09.g398200,13,K,8,mutants_end_down_y2
877,LMJ.RY0402.213712,Cre09.g395000,12,G,20,mutants_end_down_y2
878,LMJ.RY0402.208245,Cre13.g573150,22,I,19,mutants_end_down_y2
879,LMJ.RY0402.134014,Cre03.g200500,6,J,8,mutants_end_down_y2
880,LMJ.RY0402.159995,Cre08.g375800,8,I,19,mutants_end_down_y2
882,LMJ.RY0402.218517,Cre03.g169800,12,M,23,mutants_end_down_y2
883,LMJ.RY0402.085564,Cre09.g393650,3,F,21,mutants_end_down_y2
884,LMJ.RY0402.215592,Cre07.g347100,12,J,9,mutants_end_down_y2
886,LMJ.RY0402.183926,Cre03.g205650,10,E,23,mutants_end_down_y2
887,LMJ.RY0402.103749,Cre16.g686200,4,I,3,mutants_end_down_y2
888,LMJ.RY0402.079967,Cre16.g678050,20,I,18,mutants_end_down_y2
889,LMJ.RY0402.064692,Cre14.g625150,2,I,20,mutants_end_down_y2
890,LMJ.RY0402.150612,Cre16.g693600,7,O,20,mutants_end_down_y2
891,LMJ.RY0402.136531,Cre15.g640101,21,G,5,mutants_end_down_y2
892,LMJ.RY0402.099664,Cre11.g467610,4,C,13,mutants_end_down_y2
893,LMJ.RY0402.091075,Cre01.g004950,3,L,14,mutants_end_down_y2
894,LMJ.RY0402.148030,Cre10.g436000,7,L,15,mutants_end_down_y2
895,LMJ.RY0402.211809,Cre01.g019850,12,E,20,mutants_end_down_y2
896,LMJ.RY0402.057984,Cre03.g154651,1,O,23,mutants_end_down_y2
897,LMJ.RY0402.214705,Cre12.g537150,12,I,10,mutants_end_down_y2
899,LMJ.RY0402.177680,Cre02.g097500,9,N,4,mutants_end_down_y2
900,LMJ.RY0402.039259,Cre01.g023050,15,G,13,mutants_end_down_y2
901,LMJ.RY0402.254037,Cre03.g197750,15,C,24,mutants_end_down_y2
902,LMJ.RY0402.112591,Cre01.g028650,5,A,8,mutants_end_down_y2
903,LMJ.RY0402.171899,Cre04.g218500,9,G,4,mutants_end_down_y2
904,LMJ.RY0402.167416,Cre13.g581900,9,D,9,mutants_end_down_y2
906,LMJ.RY0402.122345,Cre17.g738050,5,M,9,mutants_end_down_y2
907,LMJ.RY0402.154664,Cre03.g205650,8,D,10,mutants_end_down_y2
908,LMJ.RY0402.183574,Cre04.g212550,16,H,18,mutants_end_down_y2
909,LMJ.RY0402.214744,Cre17.g732533,12,I,20,mutants_end_down_y2
910,LMJ.RY0402.073018,Cre02.g095115,2,E,6,mutants_end_down_y2
911,LMJ.RY0402.232801,Cre08.g385650,18,O,23,mutants_end_down_y2
912,LMJ.RY0402.222860,Cre01.g028650,13,A,12,mutants_end_down_y2
913,LMJ.RY0402.054822,Cre13.g573150,20,D,3,mutants_end_down_y2
914,LMJ.RY0402.189833,Cre09.g393650,10,L,6,mutants_end_down_y2
915,LMJ.RY0402.181769,Cre03.g154651,18,I,18,mutants_end_down_y2
916,LMJ.RY0402.040760,Cre17.g697050,15,K,20,mutants_end_down_y2
917,LMJ.RY0402.101878,Cre12.g495250,4,G,8,mutants_end_down_y2
919,LMJ.RY0402.216979,Cre07.g329300,12,K,21,mutants_end_down_y2
920,LMJ.RY0402.179191,Cre09.g411600,9,O,19,mutants_end_down_y2
921,LMJ.RY0402.198403,Cre03.g160350,11,E,7,mutants_end_down_y2
922,LMJ.RY0402.114338,Cre12.g506600,5,C,24,mutants_end_down_y2
923,LMJ.RY0402.252073,Cre13.g573500,15,B,11,mutants_end_down_y2
924,LMJ.RY0402.200883,Cre09.g404503,11,H,11,mutants_end_down_y2
926,LMJ.RY0402.234238,Cre09.g393000,13,O,18,mutants_end_down_y2
927,LMJ.RY0402.228483,Cre06.g285900,18,O,20,mutants_end_down_y2
928,LMJ.RY0402.049580,Cre12.g496100,1,E,8,mutants_end_down_y2
930,LMJ.RY0402.211080,Cre15.g640750,12,E,10,mutants_end_down_y2
931,LMJ.RY0402.143021,Cre16.g650500,7,E,11,mutants_end_down_y2
933,LMJ.RY0402.127175,Cre16.g667451,6,B,5,mutants_end_down_y2
934,LMJ.RY0402.174625,Cre06.g278187,9,J,18,mutants_end_down_y2
935,LMJ.RY0402.167835,Cre07.g322350,9,C,22,mutants_end_down_y2
936,LMJ.RY0402.178011,Cre07.g339900,9,N,12,mutants_end_down_y2
937,LMJ.RY0402.123245,Cre01.g003700,5,M,8,mutants_end_down_y2
938,LMJ.RY0402.041401,Cre09.g388050,15,K,5,mutants_end_down_y2
939,LMJ.RY0402.196379,Cre03.g197750,11,B,5,mutants_end_down_y2
940,LMJ.RY0402.178225,Cre16.g667451,9,N,24,mutants_end_down_y2
941,LMJ.RY0402.235297,Cre12.g512200,14,A,24,mutants_end_down_y2
942,LMJ.RY0402.128151,Cre15.g640101,21,D,5,mutants_end_down_y2
943,LMJ.RY0402.057206,Cre16.g661200,1,O,8,mutants_end_down_y2
944,LMJ.RY0402.202371,Cre01.g045450,11,J,11,mutants_end_down_y2
946,LMJ.RY0402.077750,Cre02.g146300,2,E,2,mutants_end_down_y2
947,LMJ.RY0402.256955,Cre07.g341900,15,F,21,mutants_end_down_y2
948,LMJ.RY0402.187560,Cre03.g160350,10,J,7,mutants_end_down_y2
949,LMJ.RY0402.081372,Cre03.g149250,3,C,9,mutants_end_down_y2
951,LMJ.RY0402.242991,Cre14.g613134,14,I,16,mutants_end_down_y2
952,LMJ.RY0402.228950,Cre01.g004950,13,F,18,mutants_end_down_y2
954,LMJ.RY0402.100896,Cre10.g427550,4,E,9,mutants_end_down_y2
956,LMJ.RY0402.064819,Cre06.g298500,2,K,12,mutants_end_down_y2
957,LMJ.RY0402.064019,Cre02.g097500,2,C,2,mutants_end_down_y2
958,LMJ.RY0402.184134,Cre06.g291400,18,J,12,mutants_end_down_y2
959,LMJ.RY0402.251875,Cre01.g039550,23,C,8,mutants_end_down_y2
960,LMJ.RY0402.192109,Cre01.g043250,10,N,6,mutants_end_down_y2
961,LMJ.RY0402.115421,Cre10.g447350,5,E,5,mutants_end_down_y2
962,LMJ.RY0402.114232,Cre11.g467610,5,C,21,mutants_end_down_y2
963,LMJ.RY0402.213711,Cre02.g115600,18,M,19,mutants_end_down_y2
964,LMJ.RY0402.180639,Cre03.g171650,9,P,20,mutants_end_down_y2
965,LMJ.RY0402.137774,Cre08.g367250,18,D,16,mutants_end_down_y2
966,LMJ.RY0402.109854,Cre11.g478128,4,O,15,mutants_end_down_y2
967,LMJ.RY0402.215556,Cre17.g722000,12,K,2,mutants_end_down_y2
968,LMJ.RY0402.233285,Cre09.g395288,13,N,4,mutants_end_down_y2
969,LMJ.RY0402.043847,Cre01.g011901,15,M,7,mutants_end_down_y2
970,LMJ.RY0402.188756,Cre03.g169800,10,J,15,mutants_end_down_y2
971,LMJ.RY0402.055391,Cre13.g605500,1,M,13,mutants_end_down_y2
973,LMJ.RY0402.201360,Cre01.g049900,11,H,3,mutants_end_down_y2
974,LMJ.RY0402.086713,Cre07.g339900,3,G,24,mutants_end_down_y2
978,LMJ.RY0402.139912,Cre04.g212550,7,A,17,mutants_end_down_y2
979,LMJ.RY0402.063230,Cre10.g417500,2,L,12,mutants_end_down_y2
981,LMJ.RY0402.099641,Cre07.g321700,4,B,23,mutants_end_down_y2
982,LMJ.RY0402.107020,Cre12.g537150,4,K,13,mutants_end_down_y2
983,LMJ.RY0402.136004,Cre07.g347100,6,M,7,mutants_end_down_y2
984,LMJ.RY0402.061062,Cre06.g308650,2,E,13,mutants_end_down_y2
985,LMJ.RY0402.161527,Cre06.g285900,16,G,20,mutants_end_down_y2
986,LMJ.RY0402.183692,Cre03.g174200,10,E,21,mutants_end_down_y2
987,LMJ.RY0402.216305,Cre07.g339900,12,K,22,mutants_end_down_y2
988,LMJ.RY0402.085477,Cre14.g613134,3,G,5,mutants_end_down_y2
991,LMJ.RY0402.225422,Cre06.g298500,13,D,12,mutants_end_down_y2
993,LMJ.RY0402.147482,Cre12.g505100,7,K,7,mutants_end_down_y2
994,LMJ.RY0402.116340,Cre17.g722000,5,F,24,mutants_end_down_y2
996,LMJ.RY0402.124927,Cre07.g353600,5,O,7,mutants_end_down_y2
997,LMJ.RY0402.043448,Cre03.g191350,15,M,18,mutants_end_down_y2
999,LMJ.RY0402.172526,Cre09.g412600,9,G,21,mutants_end_down_y2
1000,LMJ.RY0402.187050,Cre10.g417500,10,I,21,mutants_end_down_y2
1001,LMJ.RY0402.147464,Cre04.g218500,7,J,16,mutants_end_down_y2
1002,LMJ.RY0402.190454,Cre17.g738050,10,L,19,mutants_end_down_y2
1004,LMJ.RY0402.220565,Cre16.g691756,12,O,16,mutants_end_down_y2
1005,LMJ.RY0402.168748,Cre17.g697050,9,E,12,mutants_end_down_y2
1006,LMJ.RY0402.092967,Cre01.g003700,3,M,11,mutants_end_down_y2
1007,LMJ.RY0402.135873,Cre06.g274400,6,L,2,mutants_end_down_y2
1008,LMJ.RY0402.204992,Cre06.g278235,11,L,22,mutants_end_down_y2
1009,LMJ.RY0402.042123,Cre03.g191350,15,L,7,mutants_end_down_y2
1010,LMJ.RY0402.207964,Cre24.g755447,23,P,21,mutants_end_down_y2
1011,LMJ.RY0402.229466,Cre17.g741950,22,N,21,mutants_end_down_y2
1014,LMJ.RY0402.042891,Cre03.g159150,17,L,21,mutants_end_down_y2
1015,LMJ.RY0402.109563,Cre06.g278187,4,M,17,mutants_end_down_y2
1018,LMJ.RY0402.174304,Cre17.g699550,9,K,16,mutants_end_down_y2
1019,LMJ.RY0402.223850,Cre08.g365825,13,C,7,mutants_end_down_y2
1020,LMJ.RY0402.175584,Cre09.g401960,9,L,10,mutants_end_down_y2
1021,LMJ.RY0402.158731,Cre16.g693600,8,I,1,mutants_end_down_y2
1023,LMJ.RY0402.234079,Cre17.g741950,22,P,2,mutants_end_down_y2
1027,LMJ.RY0402.087687,Cre02.g115600,3,I,4,mutants_end_down_y2
1029,LMJ.RY0402.204633,Cre10.g436000,11,M,8,mutants_end_down_y2
1030,LMJ.RY0402.081824,Cre01.g023050,3,D,10,mutants_end_down_y2
1031,LMJ.RY0402.183511,Cre13.g585250,10,E,4,mutants_end_down_y2
1032,LMJ.RY0402.256964,Cre01.g011901,16,P,16,mutants_end_down_y2
1033,LMJ.RY0402.130822,Cre17.g723950,6,G,6,mutants_end_down_y2
1034,LMJ.RY0402.179278,Cre06.g291400,9,O,15,mutants_end_down_y2
1035,LMJ.RY0402.175777,Cre04.g215800,9,L,5,mutants_end_down_y2
1038,LMJ.RY0402.056940,Cre17.g723950,17,O,5,mutants_end_down_y2
1039,LMJ.RY0402.137068,Cre13.g573500,6,O,6,mutants_end_down_y2
1040,LMJ.RY0402.066970,Cre24.g755747,2,F,10,mutants_end_down_y2
1042,LMJ.RY0402.165948,Cre12.g553950,9,A,6,mutants_end_down_y2
1044,LMJ.RY0402.131586,Cre12.g553950,6,F,24,mutants_end_down_y2
1045,LMJ.RY0402.217270,Cre12.g512200,12,M,12,mutants_end_down_y2
1046,LMJ.RY0402.229006,Cre07.g341900,13,J,5,mutants_end_down_y2
1047,LMJ.RY0402.183893,Cre09.g397216,10,F,8,mutants_end_down_y2
1048,LMJ.RY0402.134982,Cre03.g159150,6,K,16,mutants_end_down_y2
1050,LMJ.RY0402.047320,Cre03.g197750,1,A,12,mutants_end_down_y2
1052,LMJ.RY0402.137782,Cre14.g625150,6,O,12,mutants_end_down_y2
1053,LMJ.RY0402.092241,Cre09.g388986,3,M,23,mutants_end_down_y2
1054,LMJ.RY0402.122605,Cre16.g650500,5,M,7,mutants_end_down_y2
1055,LMJ.RY0402.090199,Cre01.g043250,3,K,17,mutants_end_down_y2
1056,LMJ.RY0402.180721,Cre04.g218500,9,P,23,mutants_end_down_y2
1057,LMJ.RY0402.191904,Cre08.g365825,10,M,9,mutants_end_down_y2
1058,LMJ.RY0402.176843,Cre09.g395288,17,H,2,mutants_end_down_y2
1061,LMJ.RY0402.046272,Cre24.g755747,16,B,16,mutants_end_down_y2
1062,LMJ.RY0402.056862,Cre06.g281050,1,N,12,mutants_end_up_y2
1063,LMJ.RY0402.160721,Cre13.g577950,23,O,16,mutants_end_up_y2
1064,LMJ.RY0402.209124,Cre01.g038151,23,P,16,mutants_end_up_y2
1067,LMJ.RY0402.185266,Cre06.g278194,16,H,23,mutants_end_up_y2
1070,LMJ.RY0402.184156,Cre07.g315850,17,H,18,mutants_end_up_y2
1072,LMJ.RY0402.056088,Cre16.g676869,1,M,17,mutants_end_up_y2
1073,LMJ.RY0402.063493,Cre12.g516450,2,O,1,mutants_end_up_y2
1074,LMJ.RY0402.207167,Cre03.g185500,11,O,19,mutants_end_up_y2
1075,LMJ.RY0402.092908,Cre13.g584901,20,L,7,mutants_end_up_y2
1076,LMJ.RY0402.112222,Cre02.g106650,4,P,1,mutants_end_up_y2
1078,LMJ.RY0402.180444,Cre04.g219700,22,C,2,mutants_end_up_y2
1079,LMJ.RY0402.086572,Cre03.g153400,3,G,14,mutants_end_up_y2
1080,LMJ.RY0402.133405,Cre11.g482101,17,E,3,mutants_end_up_y2
1083,LMJ.RY0402.203656,Cre06.g281050,11,K,20,mutants_end_up_y2
1084,LMJ.RY0402.088852,Cre16.g676869,3,K,8,mutants_end_up_y2
1085,LMJ.RY0402.256942,Cre06.g278177,15,F,19,mutants_end_up_y2
1086,LMJ.RY0402.252312,Cre01.g038151,23,C,7,mutants_end_up_y2
1087,LMJ.RY0402.231268,Cre13.g577950,22,O,4,mutants_end_up_y2
1089,LMJ.RY0402.152421,Cre13.g577950,21,K,16,mutants_end_up_y2
1090,LMJ.RY0402.152279,Cre12.g496900,8,B,8,mutants_end_up_y2
1091,LMJ.RY0402.192969,Cre07.g337300,22,E,17,mutants_end_up_y2
1092,LMJ.RY0402.178647,Cre03.g185500,9,N,6,mutants_end_up_y2
1094,LMJ.RY0402.204698,Cre12.g496900,11,M,12,mutants_end_up_y2
1095,LMJ.RY0402.137531,Cre11.g482101,6,O,2,mutants_end_up_y2
1096,LMJ.RY0402.149022,Cre07.g337300,21,J,6,mutants_end_up_y2
1098,LMJ.RY0402.221932,Cre06.g278177,13,A,19,mutants_end_up_y2
1099,LMJ.RY0402.095703,Cre04.g219700,20,L,11,mutants_end_up_y2
1100,LMJ.RY0402.119286,Cre07.g315850,5,H,21,mutants_end_up_y2
1102,LMJ.RY0402.240458,Cre02.g106650,14,E,9,mutants_end_up_y2
1104,LMJ.RY0402.238056,Cre04.g219700,1,E,15,mutants_end_up_y2
1105,LMJ.RY0402.147218,Cre12.g516450,7,K,8,mutants_end_up_y2
1107,LMJ.RY0402.089290,Cre04.g219700,20,J,21,mutants_end_up_y2
1108,LMJ.RY0402.146100,Cre13.g584901,21,I,21,mutants_end_up_y2
1109,LMJ.RY0402.054597,Cre03.g153400,1,J,16,mutants_end_up_y2
1110,LMJ.RY0402.113112,Cre02.g119050,5,A,11,mutants_beg_down_y2
1111,LMJ.RY0402.125168,Cre01.g004124,5,N,18,mutants_beg_down_y2
1112,LMJ.RY0402.170897,Cre10.g465650,21,P,23,mutants_beg_down_y2
1113,LMJ.RY0402.131560,Cre02.g119050,6,F,2,mutants_beg_down_y2
1114,LMJ.RY0402.207663,Cre10.g465450,11,P,7,mutants_beg_down_y2
1115,LMJ.RY0402.069853,Cre01.g008200,2,K,22,mutants_beg_down_y2
1116,LMJ.RY0402.106186,Cre10.g439350,4,K,10,mutants_beg_down_y2
1117,LMJ.RY0402.241889,Cre17.g730950,14,H,12,mutants_beg_down_y2
1118,LMJ.RY0402.238140,Cre10.g465450,14,D,15,mutants_beg_down_y2
1119,LMJ.RY0402.077377,Cre01.g004124,2,O,21,mutants_beg_down_y2
1120,LMJ.RY0402.131378,Cre01.g004124,6,E,18,mutants_beg_down_y2
1121,LMJ.RY0402.104045,Cre16.g674739,4,I,2,mutants_beg_down_y2
1124,LMJ.RY0402.107504,Cre01.g008200,4,K,23,mutants_beg_down_y2
1125,LMJ.RY0402.242893,Cre01.g018700,14,H,16,mutants_beg_down_y2
1126,LMJ.RY0402.247339,Cre10.g465650,23,B,14,mutants_beg_down_y2
1127,LMJ.RY0402.199379,Cre10.g439350,11,G,11,mutants_beg_down_y2
1128,LMJ.RY0402.240807,Cre17.g730950,14,H,13,mutants_beg_down_y2
1129,LMJ.RY0402.048700,Cre10.g465650,20,A,12,mutants_beg_down_y2
1132,LMJ.RY0402.247272,Cre01.g018700,14,L,20,mutants_beg_down_y2
1133,LMJ.RY0402.087556,Cre16.g674739,16,E,14,mutants_beg_down_y2
1134,LMJ.RY0402.103909,Cre06.g285451,4,H,6,mutants_beg_up_y2
1135,LMJ.RY0402.125941,Cre06.g285451,5,P,5,mutants_beg_up_y2
1136,LMJ.RY0402.179394,Cre07.g323450,9,O,17,mutants_beg_up_y2
1137,LMJ.RY0402.113423,Cre07.g323450,16,F,11,mutants_beg_up_y2
1138,LMJ.RY0402.043444,Cre02.g105350,15,M,13,mutants_beg_up_y2
1140,LMJ.RY0402.189319,Cre16.g648750,10,L,16,mutants_beg_up_y2
1141,LMJ.RY0402.143718,Cre16.g648750,7,F,24,mutants_beg_up_y2
1143,LMJ.RY0402.089180,Cre02.g105350,3,J,11,mutants_beg_up_y2
1144,LMJ.RY0402.229127,Cre07.g315850,13,I,20,mutants_beg_up_y2
1145,LMJ.RY0402.152855,Cre02.g095111,8,A,17,mutants_beg_up_y2
1146,LMJ.RY0402.116468,Cre06.g295600,5,F,3,mutants_beg_up_y2
1147,LMJ.RY0402.243044,Cre02.g095111,14,H,18,mutants_beg_up_y2
1150,LMJ.RY0402.141958,Cre16.g648750,7,D,2,mutants_beg_up_y2
1151,LMJ.RY0402.145715,Cre06.g295600,7,I,9,mutants_beg_up_y2
1154,LMJ.RY0402.078936,Cre10.g444000,3,A,11,special_mutants_y2
1159,LMJ.RY0402.209920,Cre10.g444000,12,C,6,special_mutants_y2
1160,LMJ.RY0402.217896,Cre10.g444000,12,M,8,special_mutants_y2
1167,LMJ.RY0402.252269,Cre10.g444000,15,A,22,special_mutants_y2
1173,LMJ.RY0402.134589,Cre10.g444000,18,D,20,special_mutants_y2
1179,LMJ.RY0402.064049,Cre10.g444000,17,A,10,special_mutants_y2
